sampleID,chr,pos,ref,mut
Sample_1,1,871244,G,C
Sample_1,1,6648841,C,G
Sample_1,1,17557072,G,A
Sample_1,1,22838492,G,C
Sample_1,1,27097733,G,A
Sample_1,1,27333206,G,A
Sample_1,1,36028158,G,A
Sample_1,1,52820578,C,T
Sample_1,1,65332611,C,T
Sample_1,1,70820791,G,A
Sample_1,1,112999951,G,A
Sample_1,1,117633170,G,A
Sample_1,1,144865873,C,T
Sample_1,1,149885262,C,G
Sample_1,1,151341478,G,A
Sample_1,1,151787566,C,G
Sample_1,1,152327322,G,A
Sample_1,1,158911964,G,A
Sample_1,1,167365643,G,C
Sample_1,1,169762285,C,T
Sample_1,1,172411230,G,C
Sample_1,1,185149551,C,G
Sample_1,1,185200836,C,T
Sample_1,1,186327719,C,G
Sample_1,1,193205487,G,C
Sample_1,1,204128587,A,-
Sample_1,1,223179005,G,A
Sample_1,1,226127586,C,T
Sample_1,1,227216562,C,A
Sample_1,10,22498292,G,C
Sample_1,10,79760817,C,A
Sample_1,10,93260310,GATA,-
Sample_1,10,93999979,C,T
Sample_1,10,103534656,G,A
Sample_1,10,105183350,G,A
Sample_1,10,125528215,C,T
Sample_1,11,2434368,T,A
Sample_1,11,17190773,G,C
Sample_1,11,20676310,C,T
Sample_1,11,60636675,C,A
Sample_1,11,62648637,GC,TT
Sample_1,11,63681783,G,A
Sample_1,11,66372876,G,A
Sample_1,11,73020525,G,T
Sample_1,11,76253381,C,T
Sample_1,11,85436913,G,C
Sample_1,11,102201750,G,A
Sample_1,11,107595125,G,A
Sample_1,11,112071411,T,C
Sample_1,11,134181011,G,A
Sample_1,12,6442618,C,T
Sample_1,12,6500019,G,C
Sample_1,12,9227380,C,T
Sample_1,12,9251253,C,G
Sample_1,12,9251269,G,A
Sample_1,12,20854311,G,C
Sample_1,12,26551862,C,T
Sample_1,12,48545048,AAGG,-
Sample_1,12,48866717,C,T
Sample_1,12,54379742,G,A
Sample_1,12,54757090,G,A
Sample_1,12,55420781,C,T
Sample_1,12,57627597,G,T
Sample_1,12,79990397,G,A
Sample_1,12,104125360,C,A
Sample_1,12,114395736,C,T
Sample_1,13,20716524,G,T
Sample_1,13,28644705,G,A
Sample_1,13,31736206,C,T
Sample_1,13,32653115,T,C
Sample_1,13,39585582,C,G
Sample_1,13,58299404,C,T
Sample_1,13,67802345,C,T
Sample_1,13,84454587,C,T
Sample_1,13,103443449,A,T
Sample_1,13,111368158,C,G
Sample_1,14,20692623,G,A
Sample_1,14,20711822,C,T
Sample_1,14,21460300,G,T
Sample_1,14,21956863,G,A
Sample_1,14,24614459,C,G
Sample_1,14,33290945,C,G
Sample_1,14,38092100,C,T
Sample_1,14,50092388,G,T
Sample_1,14,64628797,C,A
Sample_1,14,67576965,G,A
Sample_1,14,75264785,C,T
Sample_1,14,91647612,C,T
Sample_1,14,95090052,C,T
Sample_1,14,104710687,C,G
Sample_1,15,34064322,G,A
Sample_1,15,59179475,G,T
Sample_1,15,60758859,C,G
Sample_1,15,65983795,C,T
Sample_1,15,66727441,T,C
Sample_1,15,78390288,G,A
Sample_1,15,85656623,G,T
Sample_1,16,1308336,G,A
Sample_1,16,1550643,C,T
Sample_1,16,2086731,G,A
Sample_1,16,2153872,G,A
Sample_1,16,3024347,C,A
Sample_1,16,3274587,C,G
Sample_1,16,9934799,G,A
Sample_1,16,12371814,G,A
Sample_1,16,24816044,G,C
Sample_1,16,31435226,G,T
Sample_1,16,56919196,G,A
Sample_1,16,84693487,AG,-
Sample_1,17,292970,G,C
Sample_1,17,1687636,G,T
Sample_1,17,3119112,C,T
Sample_1,17,3438930,C,T
Sample_1,17,8193972,C,G
Sample_1,17,17248184,C,G
Sample_1,17,20483949,C,G
Sample_1,17,21101712,C,G
Sample_1,17,26901568,C,A
Sample_1,17,33521020,G,A
Sample_1,17,37566734,C,G
Sample_1,17,37687156,G,C
Sample_1,17,38133172,C,T
Sample_1,17,48653563,G,T
Sample_1,17,48694849,C,T
Sample_1,17,55704604,G,T
Sample_1,17,64683306,G,C
Sample_1,17,67181652,C,T
Sample_1,18,12691392,G,A
Sample_1,18,19153715,G,A
Sample_1,18,48604736,G,C
Sample_1,18,48723117,C,T
Sample_1,18,54363627,G,A
Sample_1,18,60527715,G,A
Sample_1,18,61645616,C,T
Sample_1,18,76753711,G,A
Sample_1,19,1011735,C,G
Sample_1,19,1223031,C,G
Sample_1,19,4298233,C,G
Sample_1,19,5221084,C,T
Sample_1,19,6416611,T,C
Sample_1,19,6906493,C,T
Sample_1,19,7038331,G,C
Sample_1,19,9058970,C,A
Sample_1,19,11215981,C,-
Sample_1,19,11507943,A,T
Sample_1,19,14829516,C,G
Sample_1,19,15073063,G,C
Sample_1,19,17516219,C,T
Sample_1,19,18499184,G,A
Sample_1,19,22255698,G,T
Sample_1,19,23544910,C,G
Sample_1,19,35176122,G,A
Sample_1,19,36501556,C,T
Sample_1,19,39898453,G,T
Sample_1,19,40368475,G,T
Sample_1,19,47156271,G,C
Sample_1,19,47910354,C,T
Sample_1,19,49377713,G,A
Sample_1,19,50550175,C,T
Sample_1,19,53669316,C,T
Sample_1,19,54782173,A,T
Sample_1,19,57984830,G,A
Sample_1,19,58049395,C,T
Sample_1,2,17889901,C,A
Sample_1,2,72725665,C,G
Sample_1,2,112636494,C,T
Sample_1,2,166183434,G,C
Sample_1,2,166859129,G,T
Sample_1,2,172683316,G,A
Sample_1,2,179396305,G,A
Sample_1,2,179448556,C,T
Sample_1,2,198631320,G,C
Sample_1,2,205829992,G,A
Sample_1,2,208693133,C,T
Sample_1,2,222429049,C,G
Sample_1,2,231101954,C,A
Sample_1,2,237074817,C,G
Sample_1,2,242046907,C,T
Sample_1,2,242082388,G,A
Sample_1,2,242380821,G,A
Sample_1,20,17640126,C,T
Sample_1,20,29960792,G,A
Sample_1,20,33587148,G,C
Sample_1,20,37377348,C,T
Sample_1,20,47686832,G,A
Sample_1,20,48713240,C,G
Sample_1,20,50418942,C,T
Sample_1,20,62200231,C,T
Sample_1,20,62326282,G,A
Sample_1,21,30330851,G,C
Sample_1,21,34100284,C,T
Sample_1,21,34860956,C,T
Sample_1,21,45994112,C,T
Sample_1,21,47831289,G,T
Sample_1,21,47970643,G,A
Sample_1,22,21414767,G,A
Sample_1,22,31091135,C,T
Sample_1,22,38323671,A,T
Sample_1,22,39085104,G,-
Sample_1,22,41633998,C,T
Sample_1,22,43524598,G,C
Sample_1,22,44372048,G,A
Sample_1,3,49935603,C,T
Sample_1,3,58154225,C,G
Sample_1,3,98251456,C,G
Sample_1,3,98531182,G,A
Sample_1,3,101572273,C,T
Sample_1,3,108353817,C,T
Sample_1,3,112727156,G,A
Sample_1,3,135980846,C,T
Sample_1,3,140401360,C,T
Sample_1,3,142242879,C,G
Sample_1,3,142496535,G,A
Sample_1,3,147128589,C,T
Sample_1,3,164737516,G,T
Sample_1,3,164776985,C,T
Sample_1,3,164907028,G,A
Sample_1,3,171571521,G,A
Sample_1,3,178916876,G,A
Sample_1,3,183732077,T,G
Sample_1,3,184044374,C,T
Sample_1,3,195505919,G,A
Sample_1,4,2306474,G,A
Sample_1,4,3184107,G,T
Sample_1,4,13603978,A,-
Sample_1,4,15690558,A,C
Sample_1,4,15818257,C,A
Sample_1,4,25014038,C,T
Sample_1,4,71465260,G,C
Sample_1,4,89034523,G,A
Sample_1,4,114278247,G,A
Sample_1,4,119059286,T,A
Sample_1,4,123192422,G,A
Sample_1,4,169632945,G,A
Sample_1,5,9050537,C,G
Sample_1,5,9380026,G,A
Sample_1,5,34915952,G,C
Sample_1,5,43280758,A,C
Sample_1,5,54642930,G,C
Sample_1,5,61772562,C,T
Sample_1,5,90012378,C,T
Sample_1,5,95067780,C,T
Sample_1,5,140604376,C,T
Sample_1,5,149277995,C,G
Sample_1,5,149449857,C,T
Sample_1,5,172395573,A,G
Sample_1,5,176315350,C,T
Sample_1,5,179691800,G,A
Sample_1,5,180277813,C,G
Sample_1,6,1102040,G,C
Sample_1,6,26104478,C,G
Sample_1,6,26158718,GGCCAAGCACGCCGTGTCGGAGGG,-
Sample_1,6,26189187,G,T
Sample_1,6,27425180,C,G
Sample_1,6,27775484,G,A
Sample_1,6,33262973,G,C
Sample_1,6,33273105,G,C
Sample_1,6,43010720,C,T
Sample_1,6,43400228,C,T
Sample_1,6,44360561,C,G
Sample_1,6,44414362,C,T
Sample_1,6,97715861,G,A
Sample_1,6,99831672,A,T
Sample_1,6,109466434,G,C
Sample_1,6,151673532,G,C
Sample_1,6,151686976,C,A
Sample_1,6,155139720,C,T
Sample_1,6,155153192,C,T
Sample_1,6,161056210,G,A
Sample_1,6,161139759,G,-
Sample_1,6,161152816,G,T
Sample_1,6,170881328,TA,-
Sample_1,7,1589500,C,T
Sample_1,7,20682973,G,A
Sample_1,7,44192020,G,A
Sample_1,7,44431976,C,T
Sample_1,7,48232587,G,T
Sample_1,7,66248667,C,T
Sample_1,7,66648188,G,A
Sample_1,7,72730649,G,C
Sample_1,7,73083831,G,A
Sample_1,7,74539307,G,T
Sample_1,7,75221700,C,G
Sample_1,7,86416392,G,C
Sample_1,7,87369134,C,G
Sample_1,7,98991724,G,A
Sample_1,7,100771904,C,T
Sample_1,7,101843395,G,A
Sample_1,7,103183274,C,T
Sample_1,7,116199024,G,A
Sample_1,7,121650725,C,T
Sample_1,8,22085715,G,C
Sample_1,8,38834095,C,G
Sample_1,8,57026516,G,A
Sample_1,8,97621632,T,A
Sample_1,8,134025996,C,T
Sample_1,8,145617064,G,C
Sample_1,9,8507315,C,T
Sample_1,9,19050327,G,A
Sample_1,9,26907923,C,G
Sample_1,9,34724014,C,T
Sample_1,9,78722213,C,T
Sample_1,9,132623284,G,A
Sample_1,9,132719733,C,T
Sample_1,9,135042254,C,T
Sample_1,9,138671303,C,G
Sample_1,9,140331006,C,G
Sample_1,X,47271773,C,T
Sample_1,X,47433446,G,A
Sample_1,X,48624241,C,T
Sample_1,X,54496456,G,C
Sample_1,X,66863112,G,A
Sample_1,X,71855078,G,A
Sample_1,X,73811423,-,CTTC
Sample_1,X,129045823,G,A
Sample_1,X,132351249,T,G
Sample_1,X,134031048,-,T
Sample_1,X,149638545,G,A
Sample_1,X,150789407,G,T
Sample_1,X,152959679,-,T
Sample_1,X,153993748,C,T
Sample_10,1,20234112,G,A
Sample_10,1,40125035,C,T
Sample_10,1,155235682,G,A
Sample_10,1,156819236,C,T
Sample_10,1,159021785,T,G
Sample_10,1,159683780,G,A
Sample_10,1,160000882,G,A
Sample_10,1,161205752,T,G
Sample_10,1,168260558,G,A
Sample_10,1,171514800,C,G
Sample_10,1,198725271,C,T
Sample_10,1,228003507,C,T
Sample_10,1,247588819,G,A
Sample_10,1,247614655,G,A
Sample_10,1,247719768,G,A
Sample_10,10,15879303,C,A
Sample_10,10,17199689,T,-
Sample_10,10,50946279,T,G
Sample_10,10,88277663,-,T
Sample_10,10,99770983,C,A
Sample_10,10,106401362,C,T
Sample_10,10,121689213,A,T
Sample_10,10,131666066,T,A
Sample_10,11,6651093,G,A
Sample_10,11,55563827,T,G
Sample_10,11,62292465,G,A
Sample_10,11,65828175,G,T
Sample_10,11,77937620,C,T
Sample_10,11,92088410,A,T
Sample_10,11,95712423,G,A
Sample_10,12,4854646,T,C
Sample_10,12,7868818,G,A
Sample_10,12,21030739,A,T
Sample_10,12,21450491,A,C
Sample_10,12,40258621,C,T
Sample_10,12,40761529,GA,TT
Sample_10,12,40827672,C,A
Sample_10,12,44915855,G,T
Sample_10,12,51685734,C,-
Sample_10,12,51847329,G,A
Sample_10,12,83358817,AGGA,-
Sample_10,12,110222144,T,C
Sample_10,12,112182834,T,C
Sample_10,12,125478353,C,G
Sample_10,12,129100766,G,A
Sample_10,12,130846060,C,T
Sample_10,13,36700147,C,T
Sample_10,13,79942903,C,T
Sample_10,14,29261342,T,C
Sample_10,14,30095698,A,C
Sample_10,14,53112948,T,C
Sample_10,14,63174972,A,G
Sample_10,14,105418284,G,C
Sample_10,15,24923759,T,G
Sample_10,15,57524998,C,A
Sample_10,15,80465408,G,T
Sample_10,16,71571277,G,A
Sample_10,17,7577095,G,T
Sample_10,17,10404998,T,A
Sample_10,17,26818531,C,G
Sample_10,17,33681060,C,T
Sample_10,17,40272741,C,A
Sample_10,17,41059581,T,A
Sample_10,17,59974935,G,A
Sample_10,17,62890882,C,G
Sample_10,17,67501984,C,G
Sample_10,17,72861036,C,A
Sample_10,17,75212630,G,A
Sample_10,17,79202745,C,T
Sample_10,18,7231545,A,C
Sample_10,18,19075657,G,T
Sample_10,18,53018220,T,C
Sample_10,18,66564593,A,C
Sample_10,18,76754674,G,A
Sample_10,19,16842065,C,T
Sample_10,19,17837473,T,G
Sample_10,19,53085550,C,T
Sample_10,2,5833774,C,T
Sample_10,2,29455189,G,A
Sample_10,2,31593231,G,A
Sample_10,2,37068437,-,T
Sample_10,2,62106008,G,C
Sample_10,2,118694295,A,T
Sample_10,2,136545956,G,A
Sample_10,2,220397169,C,T
Sample_10,20,168654,C,G
Sample_10,20,9351913,C,T
Sample_10,20,34241000,C,G
Sample_10,20,44452658,C,G
Sample_10,20,45174892,C,T
Sample_10,20,47851610,G,A
Sample_10,20,48522967,G,A
Sample_10,20,57566488,A,C
Sample_10,20,60499408,G,A
Sample_10,22,29659909,C,T
Sample_10,22,37540208,G,A
Sample_10,3,38892212,C,A
Sample_10,3,52811732,G,A
Sample_10,3,107925501,C,T
Sample_10,3,111603532,C,T
Sample_10,3,132347284,A,C
Sample_10,3,157188245,T,C
Sample_10,3,167016159,T,G
Sample_10,3,167245689,C,T
Sample_10,3,193166056,T,G
Sample_10,4,2306961,G,A
Sample_10,4,42403389,C,T
Sample_10,4,100575015,-,CAGAGGTGACT
Sample_10,4,183635365,G,A
Sample_10,5,206052,G,A
Sample_10,5,1341951,C,T
Sample_10,5,5318279,G,A
Sample_10,5,56177956,C,T
Sample_10,5,61876434,C,T
Sample_10,5,74400316,C,G
Sample_10,5,136993896,T,C
Sample_10,5,140908312,C,G
Sample_10,5,149440430,T,C
Sample_10,5,153030016,A,G
Sample_10,5,176002766,G,A
Sample_10,6,27278217,T,G
Sample_10,6,29275047,A,G
Sample_10,6,31556363,G,C
Sample_10,6,43581530,G,T
Sample_10,6,69703674,T,G
Sample_10,6,71571587,G,A
Sample_10,6,84290283,T,G
Sample_10,6,106553564,G,A
Sample_10,6,116752163,C,T
Sample_10,7,48416088,T,G
Sample_10,7,48467406,T,G
Sample_10,7,94057043,A,G
Sample_10,7,99686616,G,T
Sample_10,7,114299468,A,T
